Workbook
Name Print_Area: 'MEDIÇÃO 39'!$A$1:$Q$292
Name Print_Titles: 'MEDIÇÃO 39'!$1:$14

Sheet MEDIÇÃO 39
B1: BOLETIM DE MEDIÇÃO Nº 39
B2: Nº 174/PMI-SEINFRA/2023 | C2: MANUTENÇÃO DA ILUMINAÇÃO PÚBLICA
A4: INÍCIO DO CONTRATO | B4: CONTRATO NATUREZA CONTINUA | C4: EMPRESA CONTRATADA | N4: PERIODO DE MEDIÇÃO | O4: TOMADOR/AG. PROMOTOR OU TOMADOR
N5: 01/04/2026 A 30/04/2026 | O5: SECRETARIA DE INFRAESTRUTURA E OBRAS
A6: 45108 | B6: CT - DATA DA ASSINATURA | C6: EIP SERVIÇOS DE ILUMINAÇÃO LTDA | N6: VALOR DA MEDIÇÃO
A7: VALOR PREVISTO | B7: 45103 | C7: OBJETO DO CTEF (RESUMIDO) | N7: =N292 -> #REF! | O7: AGENTE FINANCEIRO OU AG. OPERADOR REPASSE
A8: 5814300.9 | O8: FUNDO MUNICIPAL DE ILUMINAÇÃO PÚBLICA
A9: VALOR 1º + 2º TERMO ADT + APOSTILAMENTO | B9: 45348 | C9: CONTRATAÇÃO DE EMPRESA DE ENGENHARIA PARA PRESTAÇÃO DOS SERVIÇOS DE MANUTENÇÃO DE CARÁTER PREVENTIVO E CORRETIVO NO PARQUE DE ILUMINAÇÃO PÚBLICA DO MUNICÍPIO DE IPOJUCA - PE | N9: SALDO CONTRATUAL
A10: =771088.5+632153.17+294797.54 -> 1698039.2 | C10: LOCAL DA OBRA (BAIRRO / MUNICIPIO / UF) | N10: =$A$12-O292 -> #REF!
A11: VALOR TOTAL
A12: =SUM(A8,A10) -> 7512340.1 | C12: IPOJUCA - PE
A13: ITEM | B13: DESCRIÇÃO | C13: UNID. | D13: QUANT. PREVISTO | E13: 1º TERMO ADITIVO | F13: 2º TERMO ADITIVO | G13: QUANT. TOTAL | H13: PREÇO UNITÁRIO | I13: EXECUTADO FISICO (QUANTIDADE) | M13: EXECUTADO FINANCEIRO (R$)
I14: SOMA DOS BM's | J14: MEDIDO NO PERIODO | K14: ACUMULADO INCLUINDO O PERIODO ATUAL | L14: SALDO A EXECUTAR | M14: ACUMULADO ATÉ O PERIODO ANTERIOR | N14: MEDIDO NO PERIODO | O14: ACUMULADO INCLUINDO O PERIODO ATUAL | P14: SALDO A EXECUTAR | Q14: DESVIO (%)
A15: 1.0 | B15: SERVIÇOS DE MANUTENÇÃO DO SISTEMA DE ILUMINAÇÃO PÚBLICA
A16: 1.1 | B16: GESTÃO E MANUTENÇÃO DAS UNIDADES CONSUMIDORAS, CLASSIFICADAS COMO ILUMINAÇÃO PÚBLICA - PREÇO UNITÁRIO POR PONTO LUMINOSO. | C16: UN | D16: 105360 | G16: =SUM(D16:F16) -> 105360 | H16: =VLOOKUP(A16,#REF!,5,0) -> #REF! | I16: =SUM(#REF!) -> #REF! | J16: =SUMIF(#REF!,'MEDIÇÃO 39'!A16,#REF!) -> #REF! | K16: =I16+J16 -> #REF! | L16: =G16-K16 -> #REF! | M16: =ROUND(I16*H16,2) -> #REF! | N16: =ROUND(J16*H16,2) -> #REF! | O16: =ROUND(M16+N16,2) -> #REF! | P16: =ROUND((G16*H16)-O16,2) -> #REF! | Q16: =IFERROR(ROUND(O16/(G16*H16),2),0) -> 0
A17: 2.0 | B17: SERVIÇOS DE GESTÃO DO SISTEMA DE ILUMINAÇÃO PÚBLICA
A18: 2.1 | B18: ABERTURA DE CAVA EM TERRENO NORMAL | C18: UN | D18: 25 | G18: =SUM(D18:F18) -> 25 | H18: =VLOOKUP(A18,#REF!,5,0) -> #REF! | I18: =SUM(#REF!) -> #REF! | J18: =SUMIF(#REF!,'MEDIÇÃO 39'!A18,#REF!) -> #REF! | K18: =I18+J18 -> #REF! | L18: =G18-K18 -> #REF! | M18: =ROUND(I18*H18,2) -> #REF! | N18: =ROUND(J18*H18,2) -> #REF! | O18: =ROUND(M18+N18,2) -> #REF! | P18: =ROUND((G18*H18)-O18,2) -> #REF! | Q18: =IFERROR(ROUND(O18/(G18*H18),2),0) -> 0
A19: 2.2 | B19: ABERTURA E FECHAMENTO DE VALA, LARGURA 40CM E PROFUNDIDADE 60 CM | C19: UN | D19: 250 | G19: =SUM(D19:F19) -> 250 | H19: =VLOOKUP(A19,#REF!,5,0) -> #REF! | I19: =SUM(#REF!) -> #REF! | J19: =SUMIF(#REF!,'MEDIÇÃO 39'!A19,#REF!) -> #REF! | K19: =I19+J19 -> #REF! | L19: =G19-K19 -> #REF! | M19: =ROUND(I19*H19,2) -> #REF! | N19: =ROUND(J19*H19,2) -> #REF! | O19: =ROUND(M19+N19,2) -> #REF! | P19: =ROUND((G19*H19)-O19,2) -> #REF! | Q19: =IFERROR(ROUND(O19/(G19*H19),2),0) -> 0
A20: 2.3 | B20: CADASTRO DE PONTO DE ILUMINAÇÃO PÚBLICA COM GEORREFERENCIAMENTO | C20: UN | D20: 1756 | G20: =SUM(D20:F20) -> 1756 | H20: =VLOOKUP(A20,#REF!,5,0) -> #REF! | I20: =SUM(#REF!) -> #REF! | J20: =SUMIF(#REF!,'MEDIÇÃO 39'!A20,#REF!) -> #REF! | K20: =I20+J20 -> #REF! | L20: =G20-K20 -> #REF! | M20: =ROUND(I20*H20,2) -> #REF! | N20: =ROUND(J20*H20,2) -> #REF! | O20: =ROUND(M20+N20,2) -> #REF! | P20: =ROUND((G20*H20)-O20,2) -> #REF! | Q20: =IFERROR(ROUND(O20/(G20*H20),2),0) -> 0
A21: 2.4 | B21: CONCRETAGEM DE DUTOS OU CABOS | C21: M | D21: 50 | G21: =SUM(D21:F21) -> 50 | H21: =VLOOKUP(A21,#REF!,5,0) -> #REF! | I21: =SUM(#REF!) -> #REF! | J21: =SUMIF(#REF!,'MEDIÇÃO 39'!A21,#REF!) -> #REF! | K21: =I21+J21 -> #REF! | L21: =G21-K21 -> #REF! | M21: =ROUND(I21*H21,2) -> #REF! | N21: =ROUND(J21*H21,2) -> #REF! | O21: =ROUND(M21+N21,2) -> #REF! | P21: =ROUND((G21*H21)-O21,2) -> #REF! | Q21: =IFERROR(ROUND(O21/(G21*H21),2),0) -> 0
A22: 2.5 | B22: DESCARTE DE LÂMPADAS DE ACORDO COM A LEGISLTAÇÃO AMBIENTAL VIGENTE | C22: UN | D22: 585 | G22: =SUM(D22:F22) -> 585 | H22: =VLOOKUP(A22,#REF!,5,0) -> #REF! | I22: =SUM(#REF!) -> #REF! | J22: =SUMIF(#REF!,'MEDIÇÃO 39'!A22,#REF!) -> #REF! | K22: =I22+J22 -> #REF! | L22: =G22-K22 -> #REF! | M22: =ROUND(I22*H22,2) -> #REF! | N22: =ROUND(J22*H22,2) -> #REF! | O22: =ROUND(M22+N22,2) -> #REF! | P22: =ROUND((G22*H22)-O22,2) -> #REF! | Q22: =IFERROR(ROUND(O22/(G22*H22),2),0) -> 0
A23: 2.6 | B23: EXECUÇÃO DE ATERRAMENTO SIMPLES | C23: UN | D23: 5 | G23: =SUM(D23:F23) -> 5 | H23: =VLOOKUP(A23,#REF!,5,0) -> #REF! | I23: =SUM(#REF!) -> #REF! | J23: =SUMIF(#REF!,'MEDIÇÃO 39'!A23,#REF!) -> #REF! | K23: =I23+J23 -> #REF! | L23: =G23-K23 -> #REF! | M23: =ROUND(I23*H23,2) -> #REF! | N23: =ROUND(J23*H23,2) -> #REF! | O23: =ROUND(M23+N23,2) -> #REF! | P23: =ROUND((G23*H23)-O23,2) -> #REF! | Q23: =IFERROR(ROUND(O23/(G23*H23),2),0) -> 0
A24: 2.7 | B24: EXECUÇÃO DE BASE ENGASTADA COM TUBO DE CONCRETO PARA POSTES DE ATÉ 10M DE ALTURA | C24: UN | D24: 100 | G24: =SUM(D24:F24) -> 100 | H24: =VLOOKUP(A24,#REF!,5,0) -> #REF! | I24: =SUM(#REF!) -> #REF! | J24: =SUMIF(#REF!,'MEDIÇÃO 39'!A24,#REF!) -> #REF! | K24: =I24+J24 -> #REF! | L24: =G24-K24 -> #REF! | M24: =ROUND(I24*H24,2) -> #REF! | N24: =ROUND(J24*H24,2) -> #REF! | O24: =ROUND(M24+N24,2) -> #REF! | P24: =ROUND((G24*H24)-O24,2) -> #REF! | Q24: =IFERROR(ROUND(O24/(G24*H24),2),0) -> 0
A25: 2.8 | B25: EXECUÇÃO DE BASE ENGASTADA COM TUBO DE CONCRETO PARA POSTES DE 11M ATÉ 15M DE ALTURA | C25: UN | D25: 25 | E25: 20 | G25: =SUM(D25:F25) -> 45 | H25: =VLOOKUP(A25,#REF!,5,0) -> #REF! | I25: =SUM(#REF!) -> #REF! | J25: =SUMIF(#REF!,'MEDIÇÃO 39'!A25,#REF!) -> #REF! | K25: =I25+J25 -> #REF! | L25: =G25-K25 -> #REF! | M25: =ROUND(I25*H25,2) -> #REF! | N25: =ROUND(J25*H25,2) -> #REF! | O25: =ROUND(M25+N25,2) -> #REF! | P25: =ROUND((G25*H25)-O25,2) -> #REF! | Q25: =IFERROR(ROUND(O25/(G25*H25),2),0) -> 0
A26: 2.9 | B26: FECHAMENTO DE CAVA | C26: UN | D26: 25 | G26: =SUM(D26:F26) -> 25 | H26: =VLOOKUP(A26,#REF!,5,0) -> #REF! | I26: =SUM(#REF!) -> #REF! | J26: =SUMIF(#REF!,'MEDIÇÃO 39'!A26,#REF!) -> #REF! | K26: =I26+J26 -> #REF! | L26: =G26-K26 -> #REF! | M26: =ROUND(I26*H26,2) -> #REF! | N26: =ROUND(J26*H26,2) -> #REF! | O26: =ROUND(M26+N26,2) -> #REF! | P26: =ROUND((G26*H26)-O26,2) -> #REF! | Q26: =IFERROR(ROUND(O26/(G26*H26),2),0) -> 0
A27: 2.10 | B27: IDENTIFICAÇÃO DE ILUMINAÇÃO COM PLAQUETA DE ALUMÍNIO | C27: UN | D27: 1756 | G27: =SUM(D27:F27) -> 1756 | H27: =VLOOKUP(A27,#REF!,5,0) -> #REF! | I27: =SUM(#REF!) -> #REF! | J27: =SUMIF(#REF!,'MEDIÇÃO 39'!A27,#REF!) -> #REF! | K27: =I27+J27 -> #REF! | L27: =G27-K27 -> #REF! | M27: =ROUND(I27*H27,2) -> #REF! | N27: =ROUND(J27*H27,2) -> #REF! | O27: =ROUND(M27+N27,2) -> #REF! | P27: =ROUND((G27*H27)-O27,2) -> #REF! | Q27: =IFERROR(ROUND(O27/(G27*H27),2),0) -> 0
A28: 2.11 | B28: INSTALAÇÃO DE CONDUTOR PARA ATERRAMENTO | C28: M | D28: 1000 | G28: =SUM(D28:F28) -> 1000 | H28: =VLOOKUP(A28,#REF!,5,0) -> #REF! | I28: =SUM(#REF!) -> #REF! | J28: =SUMIF(#REF!,'MEDIÇÃO 39'!A28,#REF!) -> #REF! | K28: =I28+J28 -> #REF! | L28: =G28-K28 -> #REF! | M28: =ROUND(I28*H28,2) -> #REF! | N28: =ROUND(J28*H28,2) -> #REF! | O28: =ROUND(M28+N28,2) -> #REF! | P28: =ROUND((G28*H28)-O28,2) -> #REF! | Q28: =IFERROR(ROUND(O28/(G28*H28),2),0) -> 0
A29: 2.12 | B29: INSTALAÇÃO DE CAIXA DE CONCRETO PRÉ-FABRICADA COM TAMPA, DIMENSÕES DE 40X40X40CM | C29: UN | D29: 100 | G29: =SUM(D29:F29) -> 100 | H29: =VLOOKUP(A29,#REF!,5,0) -> #REF! | I29: =SUM(#REF!) -> #REF! | J29: =SUMIF(#REF!,'MEDIÇÃO 39'!A29,#REF!) -> #REF! | K29: =I29+J29 -> #REF! | L29: =G29-K29 -> #REF! | M29: =ROUND(I29*H29,2) -> #REF! | N29: =ROUND(J29*H29,2) -> #REF! | O29: =ROUND(M29+N29,2) -> #REF! | P29: =ROUND((G29*H29)-O29,2) -> #REF! | Q29: =IFERROR(ROUND(O29/(G29*H29),2),0) -> 0
A30: 2.13 | B30: INSTALAÇÃO DE CAIXA DE CONCRETO PRÉ-FABRICADA, DIMENSÕES DE 65CM | C30: UN | D30: 25 | G30: =SUM(D30:F30) -> 25 | H30: =VLOOKUP(A30,#REF!,5,0) -> #REF! | I30: =SUM(#REF!) -> #REF! | J30: =SUMIF(#REF!,'MEDIÇÃO 39'!A30,#REF!) -> #REF! | K30: =I30+J30 -> #REF! | L30: =G30-K30 -> #REF! | M30: =ROUND(I30*H30,2) -> #REF! | N30: =ROUND(J30*H30,2) -> #REF! | O30: =ROUND(M30+N30,2) -> #REF! | P30: =ROUND((G30*H30)-O30,2) -> #REF! | Q30: =IFERROR(ROUND(O30/(G30*H30),2),0) -> 0
A31: 2.14 | B31: INSTALAÇÃO DE CHAVE DE COMANDO PARA ILUMINAÇÃO PÚBLICA | C31: UN | D31: 25 | E31: 50 | G31: =SUM(D31:F31) -> 75 | H31: =VLOOKUP(A31,#REF!,5,0) -> #REF! | I31: =SUM(#REF!) -> #REF! | J31: =SUMIF(#REF!,'MEDIÇÃO 39'!A31,#REF!) -> #REF! | K31: =I31+J31 -> #REF! | L31: =G31-K31 -> #REF! | M31: =ROUND(I31*H31,2) -> #REF! | N31: =ROUND(J31*H31,2) -> #REF! | O31: =ROUND(M31+N31,2) -> #REF! | P31: =ROUND((G31*H31)-O31,2) -> #REF! | Q31: =IFERROR(ROUND(O31/(G31*H31),2),0) -> 0
A32: 2.15 | B32: INSTALAÇÃO DE CONDUTORES DE BAIXA TENSÃO AÉREOS DE BITOLA ATÉ 70 MM2 | C32: M | D32: 250 | E32: 5000 | G32: =SUM(D32:F32) -> 5250 | H32: =VLOOKUP(A32,#REF!,5,0) -> #REF! | I32: =SUM(#REF!) -> #REF! | J32: =SUMIF(#REF!,'MEDIÇÃO 39'!A32,#REF!) -> #REF! | K32: =I32+J32 -> #REF! | L32: =G32-K32 -> #REF! | M32: =ROUND(I32*H32,2) -> #REF! | N32: =ROUND(J32*H32,2) -> #REF! | O32: =ROUND(M32+N32,2) -> #REF! | P32: =ROUND((G32*H32)-O32,2) -> #REF! | Q32: =IFERROR(ROUND(O32/(G32*H32),2),0) -> 0
A33: 2.16 | B33: INSTALAÇÃO DE CONDUTORES DE BAIXA TENSÃO, EMBUTIDOS EM ELETRODUTOS OU ENTERRADOS, DE BITOLA ATÉ 70 MM2 | C33: M | D33: 250 | E33: 1000 | G33: =SUM(D33:F33) -> 1250 | H33: =VLOOKUP(A33,#REF!,5,0) -> #REF! | I33: =SUM(#REF!) -> #REF! | J33: =SUMIF(#REF!,'MEDIÇÃO 39'!A33,#REF!) -> #REF! | K33: =I33+J33 -> #REF! | L33: =G33-K33 -> #REF! | M33: =ROUND(I33*H33,2) -> #REF! | N33: =ROUND(J33*H33,2) -> #REF! | O33: =ROUND(M33+N33,2) -> #REF! | P33: =ROUND((G33*H33)-O33,2) -> #REF! | Q33: =IFERROR(ROUND(O33/(G33*H33),2),0) -> 0
A34: 2.17 | B34: INSTALAÇÃO DE CORDA LUMINOSA COM DIÂMETRO ATÉ 13MM | C34: M | D34: 20 | F34: 3300 | G34: =SUM(D34:F34) -> 3320 | H34: =VLOOKUP(A34,#REF!,5,0) -> #REF! | I34: =SUM(#REF!) -> #REF! | J34: =SUMIF(#REF!,'MEDIÇÃO 39'!A34,#REF!) -> #REF! | K34: =I34+J34 -> #REF! | L34: =G34-K34 -> #REF! | M34: =ROUND(I34*H34,2) -> #REF! | N34: =ROUND(J34*H34,2) -> #REF! | O34: =ROUND(M34+N34,2) -> #REF! | P34: =ROUND((G34*H34)-O34,2) -> #REF! | Q34: =IFERROR(ROUND(O34/(G34*H34),2),0) -> 0
A35: 2.18 | B35: INSTALAÇÃO DE CORDÃO COM 100 MICRO LÂMPADAS | C35: UN | D35: 65 | G35: =SUM(D35:F35) -> 65 | H35: =VLOOKUP(A35,#REF!,5,0) -> #REF! | I35: =SUM(#REF!) -> #REF! | J35: =SUMIF(#REF!,'MEDIÇÃO 39'!A35,#REF!) -> #REF! | K35: =I35+J35 -> #REF! | L35: =G35-K35 -> #REF! | M35: =ROUND(I35*H35,2) -> #REF! | N35: =ROUND(J35*H35,2) -> #REF! | O35: =ROUND(M35+N35,2) -> #REF! | P35: =ROUND((G35*H35)-O35,2) -> #REF! | Q35: =IFERROR(ROUND(O35/(G35*H35),2),0) -> 0
A36: 2.19 | B36: INSTALAÇÃO DE CRUZETA PARA INSTALAÇÃO DE PROJETORES | C36: UN | D36: 5 | G36: =SUM(D36:F36) -> 5 | H36: =VLOOKUP(A36,#REF!,5,0) -> #REF! | I36: =SUM(#REF!) -> #REF! | J36: =SUMIF(#REF!,'MEDIÇÃO 39'!A36,#REF!) -> #REF! | K36: =I36+J36 -> #REF! | L36: =G36-K36 -> #REF! | M36: =ROUND(I36*H36,2) -> #REF! | N36: =ROUND(J36*H36,2) -> #REF! | O36: =ROUND(M36+N36,2) -> #REF! | P36: =ROUND((G36*H36)-O36,2) -> #REF! | Q36: =IFERROR(ROUND(O36/(G36*H36),2),0) -> 0
A37: 2.20 | B37: INSTALAÇÃO DE ESTRUTURA DE MT (15KV) | C37: UN | D37: 2 | G37: =SUM(D37:F37) -> 2 | H37: =VLOOKUP(A37,#REF!,5,0) -> #REF! | I37: =SUM(#REF!) -> #REF! | J37: =SUMIF(#REF!,'MEDIÇÃO 39'!A37,#REF!) -> #REF! | K37: =I37+J37 -> #REF! | L37: =G37-K37 -> #REF! | M37: =ROUND(I37*H37,2) -> #REF! | N37: =ROUND(J37*H37,2) -> #REF! | O37: =ROUND(M37+N37,2) -> #REF! | P37: =ROUND((G37*H37)-O37,2) -> #REF! | Q37: =IFERROR(ROUND(O37/(G37*H37),2),0) -> 0
A38: 2.21 | B38: INSTALAÇÃO DE FIGURA LUMINOSA EM POSTES, BRAÇOS EXISTENTES OU PAREDE DE EDIFICAÇÃO | C38: M | D38: 32.5 | G38: =SUM(D38:F38) -> 32.5 | H38: =VLOOKUP(A38,#REF!,5,0) -> #REF! | I38: =SUM(#REF!) -> #REF! | J38: =SUMIF(#REF!,'MEDIÇÃO 39'!A38,#REF!) -> #REF! | K38: =I38+J38 -> #REF! | L38: =G38-K38 -> #REF! | M38: =ROUND(I38*H38,2) -> #REF! | N38: =ROUND(J38*H38,2) -> #REF! | O38: =ROUND(M38+N38,2) -> #REF! | P38: =ROUND((G38*H38)-O38,2) -> #REF! | Q38: =IFERROR(ROUND(O38/(G38*H38),2),0) -> 0
A39: 2.22 | B39: INSTALAÇÃO DE GRADE DE PROTEÇÃO PARA PROJETOR | C39: PÇ | D39: 3.5 | G39: =SUM(D39:F39) -> 3.5 | H39: =VLOOKUP(A39,#REF!,5,0) -> #REF! | I39: =SUM(#REF!) -> #REF! | J39: =SUMIF(#REF!,'MEDIÇÃO 39'!A39,#REF!) -> #REF! | K39: =I39+J39 -> #REF! | L39: =G39-K39 -> #REF! | M39: =ROUND(I39*H39,2) -> #REF! | N39: =ROUND(J39*H39,2) -> #REF! | O39: =ROUND(M39+N39,2) -> #REF! | P39: =ROUND((G39*H39)-O39,2) -> #REF! | Q39: =IFERROR(ROUND(O39/(G39*H39),2),0) -> 0
A40: 2.23 | B40: INSTALAÇÃO DE LUMINÁRIA EM BRAÇO DE ATÉ 1,5 METRO | C40: UN | D40: 659 | E40: 75 | F40: 300 | G40: =SUM(D40:F40) -> 1034 | H40: =VLOOKUP(A40,#REF!,5,0) -> #REF! | I40: =SUM(#REF!) -> #REF! | J40: =SUMIF(#REF!,'MEDIÇÃO 39'!A40,#REF!) -> #REF! | K40: =I40+J40 -> #REF! | L40: =G40-K40 -> #REF! | M40: =ROUND(I40*H40,2) -> #REF! | N40: =ROUND(J40*H40,2) -> #REF! | O40: =ROUND(M40+N40,2) -> #REF! | P40: =ROUND((G40*H40)-O40,2) -> #REF! | Q40: =IFERROR(ROUND(O40/(G40*H40),2),0) -> 0
A41: 2.24 | B41: INSTALAÇÃO DE LUMINÁRIA EM BRAÇO SUPERIOR A 1,5 METRO | C41: UN | D41: 1098 | E41: 75 | G41: =SUM(D41:F41) -> 1173 | H41: =VLOOKUP(A41,#REF!,5,0) -> #REF! | I41: =SUM(#REF!) -> #REF! | J41: =SUMIF(#REF!,'MEDIÇÃO 39'!A41,#REF!) -> #REF! | K41: =I41+J41 -> #REF! | L41: =G41-K41 -> #REF! | M41: =ROUND(I41*H41,2) -> #REF! | N41: =ROUND(J41*H41,2) -> #REF! | O41: =ROUND(M41+N41,2) -> #REF! | P41: =ROUND((G41*H41)-O41,2) -> #REF! | Q41: =IFERROR(ROUND(O41/(G41*H41),2),0) -> 0
A42: 2.25 | B42: INSTALAÇÃO DE LUMINÁRIA OU PROJETOR EM POSTE OU EM BRAÇO ORNAMENTAL, EM ALTURA DE ATÉ 10 METROS | C42: UN | D42: 17 | E42: 52 | F42: 50 | G42: =SUM(D42:F42) -> 119 | H42: =VLOOKUP(A42,#REF!,5,0) -> #REF! | I42: =SUM(#REF!) -> #REF! | J42: =SUMIF(#REF!,'MEDIÇÃO 39'!A42,#REF!) -> #REF! | K42: =I42+J42 -> #REF! | L42: =G42-K42 -> #REF! | M42: =ROUND(I42*H42,2) -> #REF! | N42: =ROUND(J42*H42,2) -> #REF! | O42: =ROUND(M42+N42,2) -> #REF! | P42: =ROUND((G42*H42)-O42,2) -> #REF! | Q42: =IFERROR(ROUND(O42/(G42*H42),2),0) -> 0
A43: 2.26 | B43: INSTALAÇÃO DE LUMINÁRIA OU PROJETOR EM POSTE OU EM BRAÇO ORNAMENTAL, EM ALTURA ENTRE 11 E 15 METROS | C43: UN | D43: 138 | F43: 50 | G43: =SUM(D43:F43) -> 188 | H43: =VLOOKUP(A43,#REF!,5,0) -> #REF! | I43: =SUM(#REF!) -> #REF! | J43: =SUMIF(#REF!,'MEDIÇÃO 39'!A43,#REF!) -> #REF! | K43: =I43+J43 -> #REF! | L43: =G43-K43 -> #REF! | M43: =ROUND(I43*H43,2) -> #REF! | N43: =ROUND(J43*H43,2) -> #REF! | O43: =ROUND(M43+N43,2) -> #REF! | P43: =ROUND((G43*H43)-O43,2) -> #REF! | Q43: =IFERROR(ROUND(O43/(G43*H43),2),0) -> 0
A44: 2.27 | B44: INSTALAÇÃO DE LUMINÁRIA OU PROJETOR EMBUTIDO NO PISO | C44: UN | D44: 12 | G44: =SUM(D44:F44) -> 12 | H44: =VLOOKUP(A44,#REF!,5,0) -> #REF! | I44: =SUM(#REF!) -> #REF! | J44: =SUMIF(#REF!,'MEDIÇÃO 39'!A44,#REF!) -> #REF! | K44: =I44+J44 -> #REF! | L44: =G44-K44 -> #REF! | M44: =ROUND(I44*H44,2) -> #REF! | N44: =ROUND(J44*H44,2) -> #REF! | O44: =ROUND(M44+N44,2) -> #REF! | P44: =ROUND((G44*H44)-O44,2) -> #REF! | Q44: =IFERROR(ROUND(O44/(G44*H44),2),0) -> 0
A45: 2.28 | B45: INSTALAÇÃO DE LUMINÁRIA OU PROJETOR SOBRE O PISO | C45: UN | D45: 12 | G45: =SUM(D45:F45) -> 12 | H45: =VLOOKUP(A45,#REF!,5,0) -> #REF! | I45: =SUM(#REF!) -> #REF! | J45: =SUMIF(#REF!,'MEDIÇÃO 39'!A45,#REF!) -> #REF! | K45: =I45+J45 -> #REF! | L45: =G45-K45 -> #REF! | M45: =ROUND(I45*H45,2) -> #REF! | N45: =ROUND(J45*H45,2) -> #REF! | O45: =ROUND(M45+N45,2) -> #REF! | P45: =ROUND((G45*H45)-O45,2) -> #REF! | Q45: =IFERROR(ROUND(O45/(G45*H45),2),0) -> 0
A46: 2.29 | B46: INSTALAÇÃO DE PADRÃO DE ENTRADA DE BAIXA TENSÃO EM MURETA | C46: UN | D46: 1 | G46: =SUM(D46:F46) -> 1 | H46: =VLOOKUP(A46,#REF!,5,0) -> #REF! | I46: =SUM(#REF!) -> #REF! | J46: =SUMIF(#REF!,'MEDIÇÃO 39'!A46,#REF!) -> #REF! | K46: =I46+J46 -> #REF! | L46: =G46-K46 -> #REF! | M46: =ROUND(I46*H46,2) -> #REF! | N46: =ROUND(J46*H46,2) -> #REF! | O46: =ROUND(M46+N46,2) -> #REF! | P46: =ROUND((G46*H46)-O46,2) -> #REF! | Q46: =IFERROR(ROUND(O46/(G46*H46),2),0) -> 0
A47: 2.30 | B47: INSTALAÇÃO DE PADRÃO DE ENTRADA DE BAIXA TENSÃO EM POSTE | C47: UN | D47: 1 | G47: =SUM(D47:F47) -> 1 | H47: =VLOOKUP(A47,#REF!,5,0) -> #REF! | I47: =SUM(#REF!) -> #REF! | J47: =SUMIF(#REF!,'MEDIÇÃO 39'!A47,#REF!) -> #REF! | K47: =I47+J47 -> #REF! | L47: =G47-K47 -> #REF! | M47: =ROUND(I47*H47,2) -> #REF! | N47: =ROUND(J47*H47,2) -> #REF! | O47: =ROUND(M47+N47,2) -> #REF! | P47: =ROUND((G47*H47)-O47,2) -> #REF! | Q47: =IFERROR(ROUND(O47/(G47*H47),2),0) -> 0
A48: 2.31 | B48: INSTALAÇÃO DE PLACA DE OBRA | C48: M2 | D48: 36 | G48: =SUM(D48:F48) -> 36 | H48: =VLOOKUP(A48,#REF!,5,0) -> #REF! | I48: =SUM(#REF!) -> #REF! | J48: =SUMIF(#REF!,'MEDIÇÃO 39'!A48,#REF!) -> #REF! | K48: =I48+J48 -> #REF! | L48: =G48-K48 -> #REF! | M48: =ROUND(I48*H48,2) -> #REF! | N48: =ROUND(J48*H48,2) -> #REF! | O48: =ROUND(M48+N48,2) -> #REF! | P48: =ROUND((G48*H48)-O48,2) -> #REF! | Q48: =IFERROR(ROUND(O48/(G48*H48),2),0) -> 0
A49: 2.32 | B49: INSTALAÇÃO DE POSTE ENTRE 11 E 15 METROS | C49: UN | D49: 10 | E49: 30 | F49: 30 | G49: =SUM(D49:F49) -> 70 | H49: =VLOOKUP(A49,#REF!,5,0) -> #REF! | I49: =SUM(#REF!) -> #REF! | J49: =SUMIF(#REF!,'MEDIÇÃO 39'!A49,#REF!) -> #REF! | K49: =I49+J49 -> #REF! | L49: =G49-K49 -> #REF! | M49: =ROUND(I49*H49,2) -> #REF! | N49: =ROUND(J49*H49,2) -> #REF! | O49: =ROUND(M49+N49,2) -> #REF! | P49: =ROUND((G49*H49)-O49,2) -> #REF! | Q49: =IFERROR(ROUND(O49/(G49*H49),2),0) -> 0
A50: 2.33 | B50: INSTALAÇÃO DE POSTE INFERIOR QUE 11 METROS | C50: UN | D50: 250 | E50: 100 | G50: =SUM(D50:F50) -> 350 | H50: =VLOOKUP(A50,#REF!,5,0) -> #REF! | I50: =SUM(#REF!) -> #REF! | J50: =SUMIF(#REF!,'MEDIÇÃO 39'!A50,#REF!) -> #REF! | K50: =I50+J50 -> #REF! | L50: =G50-K50 -> #REF! | M50: =ROUND(I50*H50,2) -> #REF! | N50: =ROUND(J50*H50,2) -> #REF! | O50: =ROUND(M50+N50,2) -> #REF! | P50: =ROUND((G50*H50)-O50,2) -> #REF! | Q50: =IFERROR(ROUND(O50/(G50*H50),2),0) -> 0
A51: 2.34 | B51: INSTALAÇÃO DE POSTE SUPERIOR A 15 METROS | C51: UN | D51: 12 | G51: =SUM(D51:F51) -> 12 | H51: =VLOOKUP(A51,#REF!,5,0) -> #REF! | I51: =SUM(#REF!) -> #REF! | J51: =SUMIF(#REF!,'MEDIÇÃO 39'!A51,#REF!) -> #REF! | K51: =I51+J51 -> #REF! | L51: =G51-K51 -> #REF! | M51: =ROUND(I51*H51,2) -> #REF! | N51: =ROUND(J51*H51,2) -> #REF! | O51: =ROUND(M51+N51,2) -> #REF! | P51: =ROUND((G51*H51)-O51,2) -> #REF! | Q51: =IFERROR(ROUND(O51/(G51*H51),2),0) -> 0
A52: 2.35 | B52: INSTALAÇÃO DE PROJETOR EM FACHADAS, ALTURA ATÉ 10 METROS | C52: UN | D52: 50 | G52: =SUM(D52:F52) -> 50 | H52: =VLOOKUP(A52,#REF!,5,0) -> #REF! | I52: =SUM(#REF!) -> #REF! | J52: =SUMIF(#REF!,'MEDIÇÃO 39'!A52,#REF!) -> #REF! | K52: =I52+J52 -> #REF! | L52: =G52-K52 -> #REF! | M52: =ROUND(I52*H52,2) -> #REF! | N52: =ROUND(J52*H52,2) -> #REF! | O52: =ROUND(M52+N52,2) -> #REF! | P52: =ROUND((G52*H52)-O52,2) -> #REF! | Q52: =IFERROR(ROUND(O52/(G52*H52),2),0) -> 0
A53: 2.36 | B53: INSTALAÇÃO DE PROJETOR EM FACHADAS, ALTURA SUPERIOR A 10 METROS | C53: UN | D53: 15 | G53: =SUM(D53:F53) -> 15 | H53: =VLOOKUP(A53,#REF!,5,0) -> #REF! | I53: =SUM(#REF!) -> #REF! | J53: =SUMIF(#REF!,'MEDIÇÃO 39'!A53,#REF!) -> #REF! | K53: =I53+J53 -> #REF! | L53: =G53-K53 -> #REF! | M53: =ROUND(I53*H53,2) -> #REF! | N53: =ROUND(J53*H53,2) -> #REF! | O53: =ROUND(M53+N53,2) -> #REF! | P53: =ROUND((G53*H53)-O53,2) -> #REF! | Q53: =IFERROR(ROUND(O53/(G53*H53),2),0) -> 0
A54: 2.37 | B54: INSTALAÇÃO DE QUADRO DE COMANDO/PROTEÇÃO PARA ILUMINAÇÃO PÚBLICA | C54: UN | D54: 50 | G54: =SUM(D54:F54) -> 50 | H54: =VLOOKUP(A54,#REF!,5,0) -> #REF! | I54: =SUM(#REF!) -> #REF! | J54: =SUMIF(#REF!,'MEDIÇÃO 39'!A54,#REF!) -> #REF! | K54: =I54+J54 -> #REF! | L54: =G54-K54 -> #REF! | M54: =ROUND(I54*H54,2) -> #REF! | N54: =ROUND(J54*H54,2) -> #REF! | O54: =ROUND(M54+N54,2) -> #REF! | P54: =ROUND((G54*H54)-O54,2) -> #REF! | Q54: =IFERROR(ROUND(O54/(G54*H54),2),0) -> 0
A55: 2.38 | B55: INSTALAÇÃO DE RELÉ | C55: UN | D55: 4133 | G55: =SUM(D55:F55) -> 4133 | H55: =VLOOKUP(A55,#REF!,5,0) -> #REF! | I55: =SUM(#REF!) -> #REF! | J55: =SUMIF(#REF!,'MEDIÇÃO 39'!A55,#REF!) -> #REF! | K55: =I55+J55 -> #REF! | L55: =G55-K55 -> #REF! | M55: =ROUND(I55*H55,2) -> #REF! | N55: =ROUND(J55*H55,2) -> #REF! | O55: =ROUND(M55+N55,2) -> #REF! | P55: =ROUND((G55*H55)-O55,2) -> #REF! | Q55: =IFERROR(ROUND(O55/(G55*H55),2),0) -> 0
A56: 2.39 | B56: INSTALAÇÃO PROVISÓRIA DE ARMAÇÃO REDE BT | C56: UN | D56: 5 | G56: =SUM(D56:F56) -> 5 | H56: =VLOOKUP(A56,#REF!,5,0) -> #REF! | I56: =SUM(#REF!) -> #REF! | J56: =SUMIF(#REF!,'MEDIÇÃO 39'!A56,#REF!) -> #REF! | K56: =I56+J56 -> #REF! | L56: =G56-K56 -> #REF! | M56: =ROUND(I56*H56,2) -> #REF! | N56: =ROUND(J56*H56,2) -> #REF! | O56: =ROUND(M56+N56,2) -> #REF! | P56: =ROUND((G56*H56)-O56,2) -> #REF! | Q56: =IFERROR(ROUND(O56/(G56*H56),2),0) -> 0
A57: 2.40 | B57: INSTALAÇÃO PROVISÓRIA DE PONTO DE LUZ | C57: UN | D57: 5 | G57: =SUM(D57:F57) -> 5 | H57: =VLOOKUP(A57,#REF!,5,0) -> #REF! | I57: =SUM(#REF!) -> #REF! | J57: =SUMIF(#REF!,'MEDIÇÃO 39'!A57,#REF!) -> #REF! | K57: =I57+J57 -> #REF! | L57: =G57-K57 -> #REF! | M57: =ROUND(I57*H57,2) -> #REF! | N57: =ROUND(J57*H57,2) -> #REF! | O57: =ROUND(M57+N57,2) -> #REF! | P57: =ROUND((G57*H57)-O57,2) -> #REF! | Q57: =IFERROR(ROUND(O57/(G57*H57),2),0) -> 0
A58: 2.41 | B58: INSTALAÇÃO PROVISÓRIA DE POSTE DE CONCRETO ENTRE 150 A 600DAN, ALTURA ATÉ 12 METROS | C58: UN | D58: 12 | G58: =SUM(D58:F58) -> 12 | H58: =VLOOKUP(A58,#REF!,5,0) -> #REF! | I58: =SUM(#REF!) -> #REF! | J58: =SUMIF(#REF!,'MEDIÇÃO 39'!A58,#REF!) -> #REF! | K58: =I58+J58 -> #REF! | L58: =G58-K58 -> #REF! | M58: =ROUND(I58*H58,2) -> #REF! | N58: =ROUND(J58*H58,2) -> #REF! | O58: =ROUND(M58+N58,2) -> #REF! | P58: =ROUND((G58*H58)-O58,2) -> #REF! | Q58: =IFERROR(ROUND(O58/(G58*H58),2),0) -> 0
A59: 2.42 | B59: INSTALAÇÃO PROVISÓRIA DE PROJETOR COM LÂMPADA DE DESCARGA ATÉ 400W | C59: UN | D59: 90 | G59: =SUM(D59:F59) -> 90 | H59: =VLOOKUP(A59,#REF!,5,0) -> #REF! | I59: =SUM(#REF!) -> #REF! | J59: =SUMIF(#REF!,'MEDIÇÃO 39'!A59,#REF!) -> #REF! | K59: =I59+J59 -> #REF! | L59: =G59-K59 -> #REF! | M59: =ROUND(I59*H59,2) -> #REF! | N59: =ROUND(J59*H59,2) -> #REF! | O59: =ROUND(M59+N59,2) -> #REF! | P59: =ROUND((G59*H59)-O59,2) -> #REF! | Q59: =IFERROR(ROUND(O59/(G59*H59),2),0) -> 0
A60: 2.43 | B60: INSTALAÇÃO PROVISÓRIA DE QUADRO COM TOMADAS MONOFÁSICAS | C60: UN | D60: 1 | G60: =SUM(D60:F60) -> 1 | H60: =VLOOKUP(A60,#REF!,5,0) -> #REF! | I60: =SUM(#REF!) -> #REF! | J60: =SUMIF(#REF!,'MEDIÇÃO 39'!A60,#REF!) -> #REF! | K60: =I60+J60 -> #REF! | L60: =G60-K60 -> #REF! | M60: =ROUND(I60*H60,2) -> #REF! | N60: =ROUND(J60*H60,2) -> #REF! | O60: =ROUND(M60+N60,2) -> #REF! | P60: =ROUND((G60*H60)-O60,2) -> #REF! | Q60: =IFERROR(ROUND(O60/(G60*H60),2),0) -> 0
A61: 2.44 | B61: LANÇAMENTO DE ELETRODUTO APARENTE INCLUSO A FIXAÇÃO | C61: M | D61: 250 | G61: =SUM(D61:F61) -> 250 | H61: =VLOOKUP(A61,#REF!,5,0) -> #REF! | I61: =SUM(#REF!) -> #REF! | J61: =SUMIF(#REF!,'MEDIÇÃO 39'!A61,#REF!) -> #REF! | K61: =I61+J61 -> #REF! | L61: =G61-K61 -> #REF! | M61: =ROUND(I61*H61,2) -> #REF! | N61: =ROUND(J61*H61,2) -> #REF! | O61: =ROUND(M61+N61,2) -> #REF! | P61: =ROUND((G61*H61)-O61,2) -> #REF! | Q61: =IFERROR(ROUND(O61/(G61*H61),2),0) -> 0
A62: 2.45 | B62: LANÇAMENTO DE ELETRODUTO CORRUGADO ATÉ 4" | C62: M | D62: 500 | G62: =SUM(D62:F62) -> 500 | H62: =VLOOKUP(A62,#REF!,5,0) -> #REF! | I62: =SUM(#REF!) -> #REF! | J62: =SUMIF(#REF!,'MEDIÇÃO 39'!A62,#REF!) -> #REF! | K62: =I62+J62 -> #REF! | L62: =G62-K62 -> #REF! | M62: =ROUND(I62*H62,2) -> #REF! | N62: =ROUND(J62*H62,2) -> #REF! | O62: =ROUND(M62+N62,2) -> #REF! | P62: =ROUND((G62*H62)-O62,2) -> #REF! | Q62: =IFERROR(ROUND(O62/(G62*H62),2),0) -> 0
... A65: 2.48 | B65: M&V - INSTALAÇÃO E RETIRADA DE MULTIMEDIDOR DE GRANDEZAS ELÉTRICAS COM MEMÓRIA DE MASSA EM LUMINÁRIA | C65: UN | D65: 100 | G65: =SUM(D65:F65) -> 100 | H65: =VLOOKUP(A65,#REF!,5,0) -> #REF! | I65: =SUM(#REF!) -> #REF! | J65: =SUMIF(#REF!,'MEDIÇÃO 39'!A65,#REF!) -> #REF! | K65: =I65+J65 -> #REF! | L65: =G65-K65 -> #REF! | M65: =ROUND(I65*H65,2) -> #REF! | N65: =ROUND(J65*H65,2) -> #REF! | O65: =ROUND(M65+N65,2) -> #REF! | P65: =ROUND((G65*H65)-O65,2) -> #REF! | Q65: =IFERROR(ROUND(O65/(G65*H65),2),0) -> 0
A66: 2.49 | B66: M&V - ELABORAÇÃO DE PLANO DE M&V DE ACORDO COM PIMVP | C66: UN | D66: 2 | G66: =SUM(D66:F66) -> 2 | H66: =VLOOKUP(A66,#REF!,5,0) -> #REF! | I66: =SUM(#REF!) -> #REF! | J66: =SUMIF(#REF!,'MEDIÇÃO 39'!A66,#REF!) -> #REF! | K66: =I66+J66 -> #REF! | L66: =G66-K66 -> #REF! | M66: =ROUND(I66*H66,2) -> #REF! | N66: =ROUND(J66*H66,2) -> #REF! | O66: =ROUND(M66+N66,2) -> #REF! | P66: =ROUND((G66*H66)-O66,2) -> #REF! | Q66: =IFERROR(ROUND(O66/(G66*H66),2),0) -> 0 | U66: 31178.48
A67: 2.50 | B67: M&V - ELABORAÇÃO DE RELATÓRIO DE M&V DE ACORDO COM PIMVP | C67: UN | D67: 2 | G67: =SUM(D67:F67) -> 2 | H67: =VLOOKUP(A67,#REF!,5,0) -> #REF! | I67: =SUM(#REF!) -> #REF! | J67: =SUMIF(#REF!,'MEDIÇÃO 39'!A67,#REF!) -> #REF! | K67: =I67+J67 -> #REF! | L67: =G67-K67 -> #REF! | M67: =ROUND(I67*H67,2) -> #REF! | N67: =ROUND(J67*H67,2) -> #REF! | O67: =ROUND(M67+N67,2) -> #REF! | P67: =ROUND((G67*H67)-O67,2) -> #REF! | Q67: =IFERROR(ROUND(O67/(G67*H67),2),0) -> 0
A68: 2.51 | B68: PINTURA DE POSTE DE CONCRETO COM ATÉ 10 METROS | C68: UN | D68: 25 | G68: =SUM(D68:F68) -> 25 | H68: =VLOOKUP(A68,#REF!,5,0) -> #REF! | I68: =SUM(#REF!) -> #REF! | J68: =SUMIF(#REF!,'MEDIÇÃO 39'!A68,#REF!) -> #REF! | K68: =I68+J68 -> #REF! | L68: =G68-K68 -> #REF! | M68: =ROUND(I68*H68,2) -> #REF! | N68: =ROUND(J68*H68,2) -> #REF! | O68: =ROUND(M68+N68,2) -> #REF! | P68: =ROUND((G68*H68)-O68,2) -> #REF! | Q68: =IFERROR(ROUND(O68/(G68*H68),2),0) -> 0
A69: 2.52 | B69: PINTURA DE POSTE DE CONCRETO ENTRE 10 E 15 METROS | C69: UN | D69: 25 | G69: =SUM(D69:F69) -> 25 | H69: =VLOOKUP(A69,#REF!,5,0) -> #REF! | I69: =SUM(#REF!) -> #REF! | J69: =SUMIF(#REF!,'MEDIÇÃO 39'!A69,#REF!) -> #REF! | K69: =I69+J69 -> #REF! | L69: =G69-K69 -> #REF! | M69: =ROUND(I69*H69,2) -> #REF! | N69: =ROUND(J69*H69,2) -> #REF! | O69: =ROUND(M69+N69,2) -> #REF! | P69: =ROUND((G69*H69)-O69,2) -> #REF! | Q69: =IFERROR(ROUND(O69/(G69*H69),2),0) -> 0
A70: 2.53 | B70: PINTURA DE POSTE METÁLICO COM ATÉ 10 METROS | C70: UN | D70: 50 | G70: =SUM(D70:F70) -> 50 | H70: =VLOOKUP(A70,#REF!,5,0) -> #REF! | I70: =SUM(#REF!) -> #REF! | J70: =SUMIF(#REF!,'MEDIÇÃO 39'!A70,#REF!) -> #REF! | K70: =I70+J70 -> #REF! | L70: =G70-K70 -> #REF! | M70: =ROUND(I70*H70,2) -> #REF! | N70: =ROUND(J70*H70,2) -> #REF! | O70: =ROUND(M70+N70,2) -> #REF! | P70: =ROUND((G70*H70)-O70,2) -> #REF! | Q70: =IFERROR(ROUND(O70/(G70*H70),2),0) -> 0
A71: 2.54 | B71: PINTURA DE POSTE METÁLICO ENTRE 10 E 15 METROS | C71: UN | D71: 25 | G71: =SUM(D71:F71) -> 25 | H71: =VLOOKUP(A71,#REF!,5,0) -> #REF! | I71: =SUM(#REF!) -> #REF! | J71: =SUMIF(#REF!,'MEDIÇÃO 39'!A71,#REF!) -> #REF! | K71: =I71+J71 -> #REF! | L71: =G71-K71 -> #REF! | M71: =ROUND(I71*H71,2) -> #REF! | N71: =ROUND(J71*H71,2) -> #REF! | O71: =ROUND(M71+N71,2) -> #REF! | P71: =ROUND((G71*H71)-O71,2) -> #REF! | Q71: =IFERROR(ROUND(O71/(G71*H71),2),0) -> 0
A72: 2.55 | B72: PLANTÃO DE EQUIPE OPERACIONAL LEVE EM SÁBADOS, DOMINGOS E FERIADOS | C72: H | D72: 192 | F72: 120 | G72: =SUM(D72:F72) -> 312 | H72: =VLOOKUP(A72,#REF!,5,0) -> #REF! | I72: =SUM(#REF!) -> #REF! | J72: =SUMIF(#REF!,'MEDIÇÃO 39'!A72,#REF!) -> #REF! | K72: =I72+J72 -> #REF! | L72: =G72-K72 -> #REF! | M72: =ROUND(I72*H72,2) -> #REF! | N72: =ROUND(J72*H72,2) -> #REF! | O72: =ROUND(M72+N72,2) -> #REF! | P72: =ROUND((G72*H72)-O72,2) -> #REF! | Q72: =IFERROR(ROUND(O72/(G72*H72),2),0) -> 0
A73: 2.56 | B73: PLANTÃO DE EQUIPE OPERACIONAL LEVE EM DIAS DE SEMANA | C73: H | D73: 96 | F73: 60 | G73: =SUM(D73:F73) -> 156 | H73: =VLOOKUP(A73,#REF!,5,0) -> #REF! | I73: =SUM(#REF!) -> #REF! | J73: =SUMIF(#REF!,'MEDIÇÃO 39'!A73,#REF!) -> #REF! | K73: =I73+J73 -> #REF! | L73: =G73-K73 -> #REF! | M73: =ROUND(I73*H73,2) -> #REF! | N73: =ROUND(J73*H73,2) -> #REF! | O73: =ROUND(M73+N73,2) -> #REF! | P73: =ROUND((G73*H73)-O73,2) -> #REF! | Q73: =IFERROR(ROUND(O73/(G73*H73),2),0) -> 0
A74: 2.57 | B74: REMOÇÃO DE ARMAÇÃO BT | C74: UN | D74: 4 | G74: =SUM(D74:F74) -> 4 | H74: =VLOOKUP(A74,#REF!,5,0) -> #REF! | I74: =SUM(#REF!) -> #REF! | J74: =SUMIF(#REF!,'MEDIÇÃO 39'!A74,#REF!) -> #REF! | K74: =I74+J74 -> #REF! | L74: =G74-K74 -> #REF! | M74: =ROUND(I74*H74,2) -> #REF! | N74: =ROUND(J74*H74,2) -> #REF! | O74: =ROUND(M74+N74,2) -> #REF! | P74: =ROUND((G74*H74)-O74,2) -> #REF! | Q74: =IFERROR(ROUND(O74/(G74*H74),2),0) -> 0
A75: 2.58 | B75: REMOÇÃO DE ATERRAMENTO SIMPLES | C75: UN | D75: 4 | G75: =SUM(D75:F75) -> 4 | H75: =VLOOKUP(A75,#REF!,5,0) -> #REF! | I75: =SUM(#REF!) -> #REF! | J75: =SUMIF(#REF!,'MEDIÇÃO 39'!A75,#REF!) -> #REF! | K75: =I75+J75 -> #REF! | L75: =G75-K75 -> #REF! | M75: =ROUND(I75*H75,2) -> #REF! | N75: =ROUND(J75*H75,2) -> #REF! | O75: =ROUND(M75+N75,2) -> #REF! | P75: =ROUND((G75*H75)-O75,2) -> #REF! | Q75: =IFERROR(ROUND(O75/(G75*H75),2),0) -> 0
A76: 2.59 | B76: REMOÇÃO DE BASE DE CONCRETO DE POSTE DE ALTURA ATÉ 10 METROS | C76: UN | D76: 15 | G76: =SUM(D76:F76) -> 15 | H76: =VLOOKUP(A76,#REF!,5,0) -> #REF! | I76: =SUM(#REF!) -> #REF! | J76: =SUMIF(#REF!,'MEDIÇÃO 39'!A76,#REF!) -> #REF! | K76: =I76+J76 -> #REF! | L76: =G76-K76 -> #REF! | M76: =ROUND(I76*H76,2) -> #REF! | N76: =ROUND(J76*H76,2) -> #REF! | O76: =ROUND(M76+N76,2) -> #REF! | P76: =ROUND((G76*H76)-O76,2) -> #REF! | Q76: =IFERROR(ROUND(O76/(G76*H76),2),0) -> 0
A77: 2.60 | B77: REMOÇÃO DE CAIXA DE PASSAGEM DE ALVENARIA OU CONCRETO | C77: UN | D77: 15 | G77: =SUM(D77:F77) -> 15 | H77: =VLOOKUP(A77,#REF!,5,0) -> #REF! | I77: =SUM(#REF!) -> #REF! | J77: =SUMIF(#REF!,'MEDIÇÃO 39'!A77,#REF!) -> #REF! | K77: =I77+J77 -> #REF! | L77: =G77-K77 -> #REF! | M77: =ROUND(I77*H77,2) -> #REF! | N77: =ROUND(J77*H77,2) -> #REF! | O77: =ROUND(M77+N77,2) -> #REF! | P77: =ROUND((G77*H77)-O77,2) -> #REF! | Q77: =IFERROR(ROUND(O77/(G77*H77),2),0) -> 0
A78: 2.61 | B78: REMOÇÃO DE CHAVE DE COMANDO PARA ILUMINAÇÃO PÚBLICA | C78: UN | D78: 2 | G78: =SUM(D78:F78) -> 2 | H78: =VLOOKUP(A78,#REF!,5,0) -> #REF! | I78: =SUM(#REF!) -> #REF! | J78: =SUMIF(#REF!,'MEDIÇÃO 39'!A78,#REF!) -> #REF! | K78: =I78+J78 -> #REF! | L78: =G78-K78 -> #REF! | M78: =ROUND(I78*H78,2) -> #REF! | N78: =ROUND(J78*H78,2) -> #REF! | O78: =ROUND(M78+N78,2) -> #REF! | P78: =ROUND((G78*H78)-O78,2) -> #REF! | Q78: =IFERROR(ROUND(O78/(G78*H78),2),0) -> 0
A79: 2.62 | B79: REMOÇÃO DE CONDUTORES DE BAIXA TENSÃO AÉREOS DE BITOLA ATÉ 70 MM2 | C79: M | D79: 500 | G79: =SUM(D79:F79) -> 500 | H79: =VLOOKUP(A79,#REF!,5,0) -> #REF! | I79: =SUM(#REF!) -> #REF! | J79: =SUMIF(#REF!,'MEDIÇÃO 39'!A79,#REF!) -> #REF! | K79: =I79+J79 -> #REF! | L79: =G79-K79 -> #REF! | M79: =ROUND(I79*H79,2) -> #REF! | N79: =ROUND(J79*H79,2) -> #REF! | O79: =ROUND(M79+N79,2) -> #REF! | P79: =ROUND((G79*H79)-O79,2) -> #REF! | Q79: =IFERROR(ROUND(O79/(G79*H79),2),0) -> 0
A80: 2.63 | B80: REMOÇÃO DE CONDUTORES DE BAIXA TENSÃO, EMBUTIDOS EM ELETRODUTOS OU ENTERRADOS, DE BITOLA ATÉ 70 MM2 | C80: M | D80: 500 | G80: =SUM(D80:F80) -> 500 | H80: =VLOOKUP(A80,#REF!,5,0) -> #REF! | I80: =SUM(#REF!) -> #REF! | J80: =SUMIF(#REF!,'MEDIÇÃO 39'!A80,#REF!) -> #REF! | K80: =I80+J80 -> #REF! | L80: =G80-K80 -> #REF! | M80: =ROUND(I80*H80,2) -> #REF! | N80: =ROUND(J80*H80,2) -> #REF! | O80: =ROUND(M80+N80,2) -> #REF! | P80: =ROUND((G80*H80)-O80,2) -> #REF! | Q80: =IFERROR(ROUND(O80/(G80*H80),2),0) -> 0
A81: 2.64 | B81: REMOÇÃO DE CONTROLADOR INDIVIDUAL PARA TELEGESTÃO DE LUMINÁRIA | C81: UN | D81: 25 | G81: =SUM(D81:F81) -> 25 | H81: =VLOOKUP(A81,#REF!,5,0) -> #REF! | I81: =SUM(#REF!) -> #REF! | J81: =SUMIF(#REF!,'MEDIÇÃO 39'!A81,#REF!) -> #REF! | K81: =I81+J81 -> #REF! | L81: =G81-K81 -> #REF! | M81: =ROUND(I81*H81,2) -> #REF! | N81: =ROUND(J81*H81,2) -> #REF! | O81: =ROUND(M81+N81,2) -> #REF! | P81: =ROUND((G81*H81)-O81,2) -> #REF! | Q81: =IFERROR(ROUND(O81/(G81*H81),2),0) -> 0
A82: 2.65 | B82: REMOÇÃO DE CORDA LUMINOSA COM DIÂMETRO ATÉ 13MM | C82: M | D82: 50 | F82: 3300 | G82: =SUM(D82:F82) -> 3350 | H82: =VLOOKUP(A82,#REF!,5,0) -> #REF! | I82: =SUM(#REF!) -> #REF! | J82: =SUMIF(#REF!,'MEDIÇÃO 39'!A82,#REF!) -> #REF! | K82: =I82+J82 -> #REF! | L82: =G82-K82 -> #REF! | M82: =ROUND(I82*H82,2) -> #REF! | N82: =ROUND(J82*H82,2) -> #REF! | O82: =ROUND(M82+N82,2) -> #REF! | P82: =ROUND((G82*H82)-O82,2) -> #REF! | Q82: =IFERROR(ROUND(O82/(G82*H82),2),0) -> 0
A83: 2.66 | B83: REMOÇÃO DE CORDÃO COM 100 MICRO LÂMPADAS | C83: PÇ | D83: 65 | G83: =SUM(D83:F83) -> 65 | H83: =VLOOKUP(A83,#REF!,5,0) -> #REF! | I83: =SUM(#REF!) -> #REF! | J83: =SUMIF(#REF!,'MEDIÇÃO 39'!A83,#REF!) -> #REF! | K83: =I83+J83 -> #REF! | L83: =G83-K83 -> #REF! | M83: =ROUND(I83*H83,2) -> #REF! | N83: =ROUND(J83*H83,2) -> #REF! | O83: =ROUND(M83+N83,2) -> #REF! | P83: =ROUND((G83*H83)-O83,2) -> #REF! | Q83: =IFERROR(ROUND(O83/(G83*H83),2),0) -> 0
A84: 2.67 | B84: REMOÇÃO DE ELETRODUTO APARENTE | C84: M | D84: 5 | G84: =SUM(D84:F84) -> 5 | H84: =VLOOKUP(A84,#REF!,5,0) -> #REF! | I84: =SUM(#REF!) -> #REF! | J84: =SUMIF(#REF!,'MEDIÇÃO 39'!A84,#REF!) -> #REF! | K84: =I84+J84 -> #REF! | L84: =G84-K84 -> #REF! | M84: =ROUND(I84*H84,2) -> #REF! | N84: =ROUND(J84*H84,2) -> #REF! | O84: =ROUND(M84+N84,2) -> #REF! | P84: =ROUND((G84*H84)-O84,2) -> #REF! | Q84: =IFERROR(ROUND(O84/(G84*H84),2),0) -> 0
A85: 2.68 | B85: REMOÇÃO DE FIGURA LUMINOSA EM POSTES, BRAÇOS EXISTENTES OU PAREDE DE EDIFICAÇÃO | C85: M | D85: 32 | G85: =SUM(D85:F85) -> 32 | H85: =VLOOKUP(A85,#REF!,5,0) -> #REF! | I85: =SUM(#REF!) -> #REF! | J85: =SUMIF(#REF!,'MEDIÇÃO 39'!A85,#REF!) -> #REF! | K85: =I85+J85 -> #REF! | L85: =G85-K85 -> #REF! | M85: =ROUND(I85*H85,2) -> #REF! | N85: =ROUND(J85*H85,2) -> #REF! | O85: =ROUND(M85+N85,2) -> #REF! | P85: =ROUND((G85*H85)-O85,2) -> #REF! | Q85: =IFERROR(ROUND(O85/(G85*H85),2),0) -> 0
A86: 2.69 | B86: REMOÇÃO DE GRADE DE PROTEÇÃO PARA PROJETOR | C86: CJ | D86: 1 | G86: =SUM(D86:F86) -> 1 | H86: =VLOOKUP(A86,#REF!,5,0) -> #REF! | I86: =SUM(#REF!) -> #REF! | J86: =SUMIF(#REF!,'MEDIÇÃO 39'!A86,#REF!) -> #REF! | K86: =I86+J86 -> #REF! | L86: =G86-K86 -> #REF! | M86: =ROUND(I86*H86,2) -> #REF! | N86: =ROUND(J86*H86,2) -> #REF! | O86: =ROUND(M86+N86,2) -> #REF! | P86: =ROUND((G86*H86)-O86,2) -> #REF! | Q86: =IFERROR(ROUND(O86/(G86*H86),2),0) -> 0
A87: 2.70 | B87: REMOÇÃO DE LUMINÁRIA EM BRAÇO DE 1 METRO | C87: UN | D87: 1222 | G87: =SUM(D87:F87) -> 1222 | H87: =VLOOKUP(A87,#REF!,5,0) -> #REF! | I87: =SUM(#REF!) -> #REF! | J87: =SUMIF(#REF!,'MEDIÇÃO 39'!A87,#REF!) -> #REF! | K87: =I87+J87 -> #REF! | L87: =G87-K87 -> #REF! | M87: =ROUND(I87*H87,2) -> #REF! | N87: =ROUND(J87*H87,2) -> #REF! | O87: =ROUND(M87+N87,2) -> #REF! | P87: =ROUND((G87*H87)-O87,2) -> #REF! | Q87: =IFERROR(ROUND(O87/(G87*H87),2),0) -> 0
A88: 2.71 | B88: REMOÇÃO DE LUMINÁRIA EM BRAÇO SUPERIOR A 1METRO | C88: UN | D88: 175 | G88: =SUM(D88:F88) -> 175 | H88: =VLOOKUP(A88,#REF!,5,0) -> #REF! | I88: =SUM(#REF!) -> #REF! | J88: =SUMIF(#REF!,'MEDIÇÃO 39'!A88,#REF!) -> #REF! | K88: =I88+J88 -> #REF! | L88: =G88-K88 -> #REF! | M88: =ROUND(I88*H88,2) -> #REF! | N88: =ROUND(J88*H88,2) -> #REF! | O88: =ROUND(M88+N88,2) -> #REF! | P88: =ROUND((G88*H88)-O88,2) -> #REF! | Q88: =IFERROR(ROUND(O88/(G88*H88),2),0) -> 0
A89: 2.72 | B89: REMOÇÃO DE LUMINÁRIA OU PROJETOR EM POSTE OU EM BRAÇO ORNAMENTAL, EM ALTURA DE ATÉ 10 METROS | C89: UN | D89: 250 | G89: =SUM(D89:F89) -> 250 | H89: =VLOOKUP(A89,#REF!,5,0) -> #REF! | I89: =SUM(#REF!) -> #REF! | J89: =SUMIF(#REF!,'MEDIÇÃO 39'!A89,#REF!) -> #REF! | K89: =I89+J89 -> #REF! | L89: =G89-K89 -> #REF! | M89: =ROUND(I89*H89,2) -> #REF! | N89: =ROUND(J89*H89,2) -> #REF! | O89: =ROUND(M89+N89,2) -> #REF! | P89: =ROUND((G89*H89)-O89,2) -> #REF! | Q89: =IFERROR(ROUND(O89/(G89*H89),2),0) -> 0
A90: 2.73 | B90: REMOÇÃO DE LUMINÁRIA OU PROJETOR EMBUTIDO NO PISO | C90: UN | D90: 5 | G90: =SUM(D90:F90) -> 5 | H90: =VLOOKUP(A90,#REF!,5,0) -> #REF! | I90: =SUM(#REF!) -> #REF! | J90: =SUMIF(#REF!,'MEDIÇÃO 39'!A90,#REF!) -> #REF! | K90: =I90+J90 -> #REF! | L90: =G90-K90 -> #REF! | M90: =ROUND(I90*H90,2) -> #REF! | N90: =ROUND(J90*H90,2) -> #REF! | O90: =ROUND(M90+N90,2) -> #REF! | P90: =ROUND((G90*H90)-O90,2) -> #REF! | Q90: =IFERROR(ROUND(O90/(G90*H90),2),0) -> 0
A91: 2.74 | B91: REMOÇÃO DE PLACA DE OBRA | C91: UN | D91: 12 | G91: =SUM(D91:F91) -> 12 | H91: =VLOOKUP(A91,#REF!,5,0) -> #REF! | I91: =SUM(#REF!) -> #REF! | J91: =SUMIF(#REF!,'MEDIÇÃO 39'!A91,#REF!) -> #REF! | K91: =I91+J91 -> #REF! | L91: =G91-K91 -> #REF! | M91: =ROUND(I91*H91,2) -> #REF! | N91: =ROUND(J91*H91,2) -> #REF! | O91: =ROUND(M91+N91,2) -> #REF! | P91: =ROUND((G91*H91)-O91,2) -> #REF! | Q91: =IFERROR(ROUND(O91/(G91*H91),2),0) -> 0
A92: 2.75 | B92: REMOÇÃO DE POSTE ATÉ 10 METROS | C92: UN | D92: 10 | G92: =SUM(D92:F92) -> 10 | H92: =VLOOKUP(A92,#REF!,5,0) -> #REF! | I92: =SUM(#REF!) -> #REF! | J92: =SUMIF(#REF!,'MEDIÇÃO 39'!A92,#REF!) -> #REF! | K92: =I92+J92 -> #REF! | L92: =G92-K92 -> #REF! | M92: =ROUND(I92*H92,2) -> #REF! | N92: =ROUND(J92*H92,2) -> #REF! | O92: =ROUND(M92+N92,2) -> #REF! | P92: =ROUND((G92*H92)-O92,2) -> #REF! | Q92: =IFERROR(ROUND(O92/(G92*H92),2),0) -> 0
A93: 2.76 | B93: REMOÇÃO DE PROJETOR EM FACHADA ALTURA ATÉ 10 METROS | C93: UN | D93: 1047.45 | G93: =SUM(D93:F93) -> 1047.45 | H93: =VLOOKUP(A93,#REF!,5,0) -> #REF! | I93: =SUM(#REF!) -> #REF! | J93: =SUMIF(#REF!,'MEDIÇÃO 39'!A93,#REF!) -> #REF! | K93: =I93+J93 -> #REF! | L93: =G93-K93 -> #REF! | M93: =ROUND(I93*H93,2) -> #REF! | N93: =ROUND(J93*H93,2) -> #REF! | O93: =ROUND(M93+N93,2) -> #REF! | P93: =ROUND((G93*H93)-O93,2) -> #REF! | Q93: =IFERROR(ROUND(O93/(G93*H93),2),0) -> 0
A94: 2.77 | B94: REMOÇÃO DE PROJETOR EM FACHADAS ALTURA SUPERIOR A 10 METROS | C94: UN | D94: 10 | G94: =SUM(D94:F94) -> 10 | H94: =VLOOKUP(A94,#REF!,5,0) -> #REF! | I94: =SUM(#REF!) -> #REF! | J94: =SUMIF(#REF!,'MEDIÇÃO 39'!A94,#REF!) -> #REF! | K94: =I94+J94 -> #REF! | L94: =G94-K94 -> #REF! | M94: =ROUND(I94*H94,2) -> #REF! | N94: =ROUND(J94*H94,2) -> #REF! | O94: =ROUND(M94+N94,2) -> #REF! | P94: =ROUND((G94*H94)-O94,2) -> #REF! | Q94: =IFERROR(ROUND(O94/(G94*H94),2),0) -> 0
... A102: 2.85 | B102: TRAVESSIA SUBTERRÂNEA - PERFURAÇÃO POR MÉTODO NÃO DESTRUTIVO | C102: M | D102: 100 | G102: =SUM(D102:F102) -> 100 | H102: =VLOOKUP(A102,#REF!,5,0) -> #REF! | I102: =SUM(#REF!) -> #REF! | J102: =SUMIF(#REF!,'MEDIÇÃO 39'!A102,#REF!) -> #REF! | K102: =I102+J102 -> #REF! | L102: =G102-K102 -> #REF! | M102: =ROUND(I102*H102,2) -> #REF! | N102: =ROUND(J102*H102,2) -> #REF! | O102: =ROUND(M102+N102,2) -> #REF! | P102: =ROUND((G102*H102)-O102,2) -> #REF! | Q102: =IFERROR(ROUND(O102/(G102*H102),2),0) -> 0
A103: 3.0 | B103: MATERIAIS
A104: 3.1 | B104: ABRAÇADEIRA PARA AMARRAÇÃO, EM AÇO INOXIDÁVEL, AUTOTRAVANTE, 266X4,6MM | C104: PÇ | D104: 200 | G104: =SUM(D104:F104) -> 200 | H104: =VLOOKUP(A104,#REF!,5,0) -> #REF! | I104: =SUM(#REF!) -> #REF! | J104: =SUMIF(#REF!,'MEDIÇÃO 39'!A104,#REF!) -> #REF! | K104: =I104+J104 -> #REF! | L104: =G104-K104 -> #REF! | M104: =ROUND(I104*H104,2) -> #REF! | N104: =ROUND(J104*H104,2) -> #REF! | O104: =ROUND(M104+N104,2) -> #REF! | P104: =ROUND((G104*H104)-O104,2) -> #REF! | Q104: =IFERROR(ROUND(O104/(G104*H104),2),0) -> 0
A105: 3.2 | B105: ABRAÇADEIRA TIPO CUNHA EM AÇO GALVANIZADO A FOGO, CÔNICA, DIÂMETRO 1" | C105: PÇ | D105: 17 | G105: =SUM(D105:F105) -> 17 | H105: =VLOOKUP(A105,#REF!,5,0) -> #REF! | I105: =SUM(#REF!) -> #REF! | J105: =SUMIF(#REF!,'MEDIÇÃO 39'!A105,#REF!) -> #REF! | K105: =I105+J105 -> #REF! | L105: =G105-K105 -> #REF! | M105: =ROUND(I105*H105,2) -> #REF! | N105: =ROUND(J105*H105,2) -> #REF! | O105: =ROUND(M105+N105,2) -> #REF! | P105: =ROUND((G105*H105)-O105,2) -> #REF! | Q105: =IFERROR(ROUND(O105/(G105*H105),2),0) -> 0
A106: 3.3 | B106: ABRAÇADEIRA TIPO CUNHA EM AÇO GALVANIZADO A FOGO, CÔNICA, DIÂMETRO 1.1/2 | C106: PÇ | D106: 30 | G106: =SUM(D106:F106) -> 30 | H106: =VLOOKUP(A106,#REF!,5,0) -> #REF! | I106: =SUM(#REF!) -> #REF! | J106: =SUMIF(#REF!,'MEDIÇÃO 39'!A106,#REF!) -> #REF! | K106: =I106+J106 -> #REF! | L106: =G106-K106 -> #REF! | M106: =ROUND(I106*H106,2) -> #REF! | N106: =ROUND(J106*H106,2) -> #REF! | O106: =ROUND(M106+N106,2) -> #REF! | P106: =ROUND((G106*H106)-O106,2) -> #REF! | Q106: =IFERROR(ROUND(O106/(G106*H106),2),0) -> 0
A107: 3.4 | B107: ABRAÇADEIRA TIPO CUNHA EM AÇO GALVANIZADO A FOGO, CÔNICA, DIÂMETRO 2" | C107: PÇ | D107: 1 | G107: =SUM(D107:F107) -> 1 | H107: =VLOOKUP(A107,#REF!,5,0) -> #REF! | I107: =SUM(#REF!) -> #REF! | J107: =SUMIF(#REF!,'MEDIÇÃO 39'!A107,#REF!) -> #REF! | K107: =I107+J107 -> #REF! | L107: =G107-K107 -> #REF! | M107: =ROUND(I107*H107,2) -> #REF! | N107: =ROUND(J107*H107,2) -> #REF! | O107: =ROUND(M107+N107,2) -> #REF! | P107: =ROUND((G107*H107)-O107,2) -> #REF! | Q107: =IFERROR(ROUND(O107/(G107*H107),2),0) -> 0
A108: 3.5 | B108: ABRAÇADEIRA TIPO CUNHA EM AÇO GALVANIZADO A FOGO, CÔNICA, DIÂMETRO 3/4" | C108: PÇ | D108: 2 | G108: =SUM(D108:F108) -> 2 | H108: =VLOOKUP(A108,#REF!,5,0) -> #REF! | I108: =SUM(#REF!) -> #REF! | J108: =SUMIF(#REF!,'MEDIÇÃO 39'!A108,#REF!) -> #REF! | K108: =I108+J108 -> #REF! | L108: =G108-K108 -> #REF! | M108: =ROUND(I108*H108,2) -> #REF! | N108: =ROUND(J108*H108,2) -> #REF! | O108: =ROUND(M108+N108,2) -> #REF! | P108: =ROUND((G108*H108)-O108,2) -> #REF! | Q108: =IFERROR(ROUND(O108/(G108*H108),2),0) -> 0
A109: 3.6 | B109: ALÇA PRÉ-FORMADA DE DISTRIBUIÇÃO PARA CABO DE ALUMÍNIO 2 AWG | C109: PÇ | D109: 250 | G109: =SUM(D109:F109) -> 250 | H109: =VLOOKUP(A109,#REF!,5,0) -> #REF! | I109: =SUM(#REF!) -> #REF! | J109: =SUMIF(#REF!,'MEDIÇÃO 39'!A109,#REF!) -> #REF! | K109: =I109+J109 -> #REF! | L109: =G109-K109 -> #REF! | M109: =ROUND(I109*H109,2) -> #REF! | N109: =ROUND(J109*H109,2) -> #REF! | O109: =ROUND(M109+N109,2) -> #REF! | P109: =ROUND((G109*H109)-O109,2) -> #REF! | Q109: =IFERROR(ROUND(O109/(G109*H109),2),0) -> 0
A110: 3.7 | B110: ALÇA PRÉ-FORMADA DE DISTRIBUIÇÃO PARA CABO DE ALUMÍNIO 4 AWG | C110: PÇ | D110: 250 | G110: =SUM(D110:F110) -> 250 | H110: =VLOOKUP(A110,#REF!,5,0) -> #REF! | I110: =SUM(#REF!) -> #REF! | J110: =SUMIF(#REF!,'MEDIÇÃO 39'!A110,#REF!) -> #REF! | K110: =I110+J110 -> #REF! | L110: =G110-K110 -> #REF! | M110: =ROUND(I110*H110,2) -> #REF! | N110: =ROUND(J110*H110,2) -> #REF! | O110: =ROUND(M110+N110,2) -> #REF! | P110: =ROUND((G110*H110)-O110,2) -> #REF! | Q110: =IFERROR(ROUND(O110/(G110*H110),2),0) -> 0
...
